<ImportExportXml xmlns:xsi="http://www.w3.org/2001/XMLSchema-instance">
  <Entities></Entities>
  <Roles></Roles>
  <Workflows>
    <Workflow WorkflowId="{c1c04c97-3a91-ec11-b400-0022486239cd}" Name="JsonApprovalFlow" Description="PowerApps のボタンまたはリンクがクリックされたときに起動する 1 つ以上のアクションを作成します。PowerApp からこのフローを使用するには、フローをトリガーするためのコントロールを選択し、PowerApps のリボンの [アクション] タブに移動して、フローを選択します。">
      <JsonFileName>/Workflows/JsonApprovalFlow-C1C04C97-3A91-EC11-B400-0022486239CD.json</JsonFileName>
      <Type>1</Type>
      <Subprocess>0</Subprocess>
      <Category>5</Category>
      <Mode>0</Mode>
      <Scope>4</Scope>
      <OnDemand>0</OnDemand>
      <TriggerOnCreate>0</TriggerOnCreate>
      <TriggerOnDelete>0</TriggerOnDelete>
      <AsyncAutodelete>0</AsyncAutodelete>
      <SyncWorkflowLogOnFailure>0</SyncWorkflowLogOnFailure>
      <StateCode>1</StateCode>
      <StatusCode>2</StatusCode>
      <RunAs>1</RunAs>
      <IsTransacted>1</IsTransacted>
      <IntroducedVersion>1.0.0.0</IntroducedVersion>
      <IsCustomizable>1</IsCustomizable>
      <BusinessProcessType>0</BusinessProcessType>
      <IsCustomProcessingStepAllowedForOtherPublishers>1</IsCustomProcessingStepAllowedForOtherPublishers>
      <PrimaryEntity>none</PrimaryEntity>
      <LocalizedNames>
        <LocalizedName languagecode="1041" description="JsonApprovalFlow" />
      </LocalizedNames>
      <Descriptions>
        <Description languagecode="1041" description="PowerApps のボタンまたはリンクがクリックされたときに起動する 1 つ以上のアクションを作成します。PowerApp からこのフローを使用するには、フローをトリガーするためのコントロールを選択し、PowerApps のリボンの [アクション] タブに移動して、フローを選択します。" />
      </Descriptions>
    </Workflow>
  </Workflows>
  <FieldSecurityProfiles></FieldSecurityProfiles>
  <Templates />
  <EntityMaps />
  <EntityRelationships />
  <OrganizationSettings />
  <optionsets />
  <CustomControls />
  <EntityDataProviders />
  <CanvasApps>
    <CanvasApp>
      <Name>ya_applicationapp_9449d</Name>
      <AppVersion>2022-02-19T06:58:27Z</AppVersion>
      <Status>Ready</Status>
      <CreatedByClientVersion>3.22021.27.0</CreatedByClientVersion>
      <MinClientVersion>3.22021.27.0</MinClientVersion>
      <Tags>{"primaryDeviceWidth":"1366","primaryDeviceHeight":"768","sienaVersion":"6cb4a9a0-5779-4bd1-9446-fc503df533ee","deviceCapabilities":"","supportsPortrait":"true","supportsLandscape":"true","primaryFormFactor":"Tablet","publisherVersion":"3.22021.27","minimumRequiredApiVersion":"2.2.0","hasComponent":"false","hasUnlockedComponent":"false","isUnifiedRootApp":"false"}</Tags>
      <IsCdsUpgraded>0</IsCdsUpgraded>
      <GalleryItemId xsi:nil="true"></GalleryItemId>
      <BackgroundColor>RGBA(0,176,240,1)</BackgroundColor>
      <DisplayName>ApplicationApp</DisplayName>
      <Description xsi:nil="true"></Description>
      <CommitMessage xsi:nil="true"></CommitMessage>
      <Publisher xsi:nil="true"></Publisher>
      <AuthorizationReferences>[]</AuthorizationReferences>
      <ConnectionReferences>{"063ddc2a-3aa6-422c-8be5-b09db6785a03":{"id":"/providers/microsoft.powerapps/apis/shared_office365users","displayName":"Office 365 ユーザー","iconUri":"https://connectoricons-prod.azureedge.net/releases/v1.0.1551/1.0.1551.2693/office365users/icon.png","dataSources":["Office365ユーザー"],"dependencies":[],"dependents":[],"parameterHints":{},"parameterHintsV2":{},"isOnPremiseConnection":false,"bypassConsent":false,"dataSets":{},"apiTier":"Standard","actions":["SearchUser","UserPhoto"]},"951b7f07-d6dd-4da4-99e7-36933007ef4c":{"id":"/providers/microsoft.powerapps/apis/shared_logicflows","displayName":"ロジック フロー","iconUri":"https://connectoricons-prod.azureedge.net/releases/v1.0.1534/1.0.1534.2605/logicflows/icon.png","dataSources":["JsonApprovalFlow"],"dependencies":["58d39d81-76fd-4e6d-a348-0210f18cddf3","58d39d81-76fd-4e6d-a348-0210f18cddf3","c1c82a6e-f6ff-4ac4-afdf-da1b94cabf98"],"dependents":[],"parameterHints":{"workflowName":{"value":"88c4d9c0-639a-46c9-96ff-3dc8908b42e7"},"workflowEntityId":{"value":"c1c04c97-3a91-ec11-b400-0022486239cd"},"58d39d81-76fd-4e6d-a348-0210f18cddf3":{"value":"shared_approvals_1"},"c1c82a6e-f6ff-4ac4-afdf-da1b94cabf98":{"value":"shared_office365_1"}},"parameterHintsV2":{"workflowName":{"value":"88c4d9c0-639a-46c9-96ff-3dc8908b42e7"},"workflowEntityId":{"value":"c1c04c97-3a91-ec11-b400-0022486239cd"},"shared_approvals_3":{"value":"58d39d81-76fd-4e6d-a348-0210f18cddf3"},"shared_approvals_1":{"value":"58d39d81-76fd-4e6d-a348-0210f18cddf3"},"shared_office365_1":{"value":"c1c82a6e-f6ff-4ac4-afdf-da1b94cabf98"}},"isOnPremiseConnection":false,"bypassConsent":false,"dataSets":{},"apiTier":"Standard","actions":["Run"]},"58d39d81-76fd-4e6d-a348-0210f18cddf3":{"id":"/providers/microsoft.powerapps/apis/shared_approvals","displayName":"承認","iconUri":"https://connectoricons-prod.azureedge.net/releases/v1.0.1535/1.0.1535.2607/approvals/icon.png","dataSources":[],"dependencies":[],"dependents":["951b7f07-d6dd-4da4-99e7-36933007ef4c"],"parameterHints":{},"parameterHintsV2":{},"isOnPremiseConnection":false,"bypassConsent":false,"dataSets":{},"apiTier":"Standard"},"c1c82a6e-f6ff-4ac4-afdf-da1b94cabf98":{"id":"/providers/microsoft.powerapps/apis/shared_office365","displayName":"Office 365 Outlook","iconUri":"https://connectoricons-prod.azureedge.net/releases/v1.0.1538/1.0.1538.2621/office365/icon.png","dataSources":[],"dependencies":[],"dependents":["951b7f07-d6dd-4da4-99e7-36933007ef4c"],"parameterHints":{},"parameterHintsV2":{},"isOnPremiseConnection":false,"bypassConsent":false,"dataSets":{},"apiTier":"Standard"}}</ConnectionReferences>
      <DatabaseReferences>{}</DatabaseReferences>
      <AppComponents>[]</AppComponents>
      <AppComponentDependencies>[]</AppComponentDependencies>
      <CanConsumeAppPass>1</CanConsumeAppPass>
      <CanvasAppType>0</CanvasAppType>
      <BypassConsent>0</BypassConsent>
      <AdminControlBypassConsent>0</AdminControlBypassConsent>
      <EmbeddedApp xsi:nil="true"></EmbeddedApp>
      <IntroducedVersion>1.0</IntroducedVersion>
      <CdsDependencies>{"cdsdependencies":[]}</CdsDependencies>
      <IsCustomizable>1</IsCustomizable>
      <BackgroundImageUri>/CanvasApps/ya_applicationapp_9449d_BackgroundImageUri</BackgroundImageUri>
      <DocumentUri>/CanvasApps/ya_applicationapp_9449d_DocumentUri.msapp</DocumentUri>
    </CanvasApp>
  </CanvasApps>
  <Languages>
    <Language>1041</Language>
  </Languages>
</ImportExportXml>