{"name":"62637196-9f47-47af-9b8f-6153cfbaa246","id":"/providers/Microsoft.Flow/flows/62637196-9f47-47af-9b8f-6153cfbaa246","type":"Microsoft.Flow/flows","properties":{"apiId":"/providers/Microsoft.PowerApps/apis/shared_logicflows","displayName":"JSON式動的承認フロー","definition":{"metadata":{"workflowEntityId":null,"flowclientsuspensionreason":"None","flowclientsuspensiontime":null,"creator":{"id":"62d1a170-2661-462f-88bd-5434752bcb55","type":"User","tenantId":"3081431d-4d4f-49e6-bc76-7c3648f2ff5a"},"provisioningMethod":"FromDefinition","failureAlertSubscription":true,"clientLastModifiedTime":"2020-12-22T07:14:53.8704041Z"},"$schema":"https://schema.management.azure.com/providers/Microsoft.Logic/schemas/2016-06-01/workflowdefinition.json#","contentVersion":"1.0.0.0","parameters":{"$connections":{"defaultValue":{},"type":"Object"},"$authentication":{"defaultValue":{},"type":"SecureObject"}},"triggers":{"manual":{"type":"Request","kind":"PowerApp","inputs":{"schema":{"type":"object","properties":{"JSONの解析_コンテンツ":{"type":"any"}},"required":["JSONの解析_コンテンツ"]}}}},"actions":{"Do_until":{"actions":{"変数AuthorizersInCurrentStageの代入":{"runAfter":{"変数AuthorizerStageCountの値を1増やす":["Succeeded"]},"type":"SetVariable","inputs":{"name":"AuthorizersInCurrentStage","value":"@last(take(body('引数JSONの解析')?['authorizer'],int(variables('AuthorizerStageCount'))))?['member']"}},"変数AuthorizerStageCountの値を1増やす":{"runAfter":{},"type":"IncrementVariable","inputs":{"name":"AuthorizerStageCount","value":1}},"セミコロン区切りの承認者一覧文字列を代入":{"runAfter":{"変数AuthorizersInCurrentStageの代入":["Succeeded"]},"type":"SetVariable","inputs":{"name":"JoinedAuthorizersInCurrentStage","value":"@{join(variables('AuthorizersInCurrentStage'), ';')}"}},"承認種別文字列を代入":{"runAfter":{"セミコロン区切りの承認者一覧文字列を代入":["Succeeded"]},"type":"SetVariable","inputs":{"name":"ApprovalTypeInCurrentStage","value":"@{last(take(body('引数JSONの解析')?['authorizer'],int(variables('AuthorizerStageCount'))))?['type']}"}},"承認種別ごとにアクションを使い分ける":{"runAfter":{"承認種別文字列を代入":["Succeeded"]},"cases":{"承認/拒否_-_全員の承認が必須":{"case":"everyone","actions":{"承認を作成":{"runAfter":{},"type":"OpenApiConnection","inputs":{"host":{"apiId":"/providers/Microsoft.PowerApps/apis/shared_approvals","connectionName":"shared_approvals","operationId":"CreateAnApproval"},"parameters":{"approvalType":"BasicAwaitAll","ApprovalCreationInput/title":"Title","ApprovalCreationInput/assignedTo":"@{variables('JoinedAuthorizersInCurrentStage')};","ApprovalCreationInput/enableNotifications":true,"ApprovalCreationInput/enableReassignment":true},"authentication":{"value":"@json(decodeBase64(triggerOutputs().headers['X-MS-APIM-Tokens']))['$ConnectionKey']","type":"Raw"}}},"承認を待機":{"runAfter":{"承認を作成":["Succeeded"]},"type":"OpenApiConnectionWebhook","inputs":{"host":{"apiId":"/providers/Microsoft.PowerApps/apis/shared_approvals","connectionName":"shared_approvals","operationId":"WaitForAnApproval"},"parameters":{"approvalName":"@outputs('承認を作成')?['body/name']"},"authentication":{"value":"@json(decodeBase64(triggerOutputs().headers['X-MS-APIM-Tokens']))['$ConnectionKey']","type":"Raw"}}},"条件_2":{"actions":{"変数の値を増やす_2":{"runAfter":{},"type":"IncrementVariable","inputs":{"name":"ApprovedStageCount","value":1}}},"runAfter":{"承認を待機":["Succeeded"]},"expression":{"equals":["@outputs('承認を待機')?['body/outcome']","Approve"]},"type":"If"}}},"承認/拒否_-_最初に応答":{"case":"first","actions":{"承認を作成_2":{"runAfter":{},"type":"OpenApiConnection","inputs":{"host":{"apiId":"/providers/Microsoft.PowerApps/apis/shared_approvals","connectionName":"shared_approvals","operationId":"CreateAnApproval"},"parameters":{"approvalType":"Basic","ApprovalCreationInput/title":"Title","ApprovalCreationInput/assignedTo":"@{variables('JoinedAuthorizersInCurrentStage')};","ApprovalCreationInput/enableNotifications":true,"ApprovalCreationInput/enableReassignment":true},"authentication":{"value":"@json(decodeBase64(triggerOutputs().headers['X-MS-APIM-Tokens']))['$ConnectionKey']","type":"Raw"}}},"承認を待機_2":{"runAfter":{"承認を作成_2":["Succeeded"]},"type":"OpenApiConnectionWebhook","inputs":{"host":{"apiId":"/providers/Microsoft.PowerApps/apis/shared_approvals","connectionName":"shared_approvals","operationId":"WaitForAnApproval"},"parameters":{"approvalName":"@outputs('承認を作成_2')?['body/name']"},"authentication":{"value":"@json(decodeBase64(triggerOutputs().headers['X-MS-APIM-Tokens']))['$ConnectionKey']","type":"Raw"}}},"条件_3":{"actions":{"変数の値を増やす_3":{"runAfter":{},"type":"IncrementVariable","inputs":{"name":"ApprovedStageCount","value":1}}},"runAfter":{"承認を待機_2":["Succeeded"]},"expression":{"equals":["@outputs('承認を待機_2')?['body/outcome']","Approve"]},"type":"If"}}},"カスタム応答_-_すべての応答を待ちます":{"case":"all","actions":{"承認を作成_3":{"runAfter":{},"type":"OpenApiConnection","inputs":{"host":{"apiId":"/providers/Microsoft.PowerApps/apis/shared_approvals","connectionName":"shared_approvals","operationId":"CreateAnApproval"},"parameters":{"approvalType":"CustomResponseAwaitAll","ApprovalCreationInput/responseOptions":["承認","却下"],"ApprovalCreationInput/title":"Title","ApprovalCreationInput/assignedTo":"@{variables('JoinedAuthorizersInCurrentStage')};","ApprovalCreationInput/enableNotifications":true,"ApprovalCreationInput/enableReassignment":true},"authentication":{"value":"@json(decodeBase64(triggerOutputs().headers['X-MS-APIM-Tokens']))['$ConnectionKey']","type":"Raw"}}},"承認を待機_3":{"runAfter":{"承認を作成_3":["Succeeded"]},"type":"OpenApiConnectionWebhook","inputs":{"host":{"apiId":"/providers/Microsoft.PowerApps/apis/shared_approvals","connectionName":"shared_approvals","operationId":"WaitForAnApproval"},"parameters":{"approvalName":"@outputs('承認を作成_3')?['body/name']"},"authentication":{"value":"@json(decodeBase64(triggerOutputs().headers['X-MS-APIM-Tokens']))['$ConnectionKey']","type":"Raw"}}},"条件_4":{"actions":{"変数の値を増やす_4":{"runAfter":{},"type":"IncrementVariable","inputs":{"name":"ApprovedStageCount","value":1}}},"runAfter":{"承認を待機_3":["Succeeded"]},"expression":{"equals":["@outputs('承認を待機_3')?['body/outcome']","承認"]},"type":"If"}}},"カスタム応答_-_いずれかの応答を待ちます":{"case":"one","actions":{"承認を作成_4":{"runAfter":{},"type":"OpenApiConnection","inputs":{"host":{"apiId":"/providers/Microsoft.PowerApps/apis/shared_approvals","connectionName":"shared_approvals","operationId":"CreateAnApproval"},"parameters":{"approvalType":"CustomResponse","ApprovalCreationInput/responseOptions":["承認","却下"],"ApprovalCreationInput/title":"Title","ApprovalCreationInput/assignedTo":"@{variables('JoinedAuthorizersInCurrentStage')};","ApprovalCreationInput/enableNotifications":true,"ApprovalCreationInput/enableReassignment":true},"authentication":{"value":"@json(decodeBase64(triggerOutputs().headers['X-MS-APIM-Tokens']))['$ConnectionKey']","type":"Raw"}}},"承認を待機_4":{"runAfter":{"承認を作成_4":["Succeeded"]},"type":"OpenApiConnectionWebhook","inputs":{"host":{"apiId":"/providers/Microsoft.PowerApps/apis/shared_approvals","connectionName":"shared_approvals","operationId":"WaitForAnApproval"},"parameters":{"approvalName":"@outputs('承認を作成_4')?['body/name']"},"authentication":{"value":"@json(decodeBase64(triggerOutputs().headers['X-MS-APIM-Tokens']))['$ConnectionKey']","type":"Raw"}}},"条件_5":{"actions":{"変数の値を増やす_5":{"runAfter":{},"type":"IncrementVariable","inputs":{"name":"ApprovedStageCount","value":1}}},"runAfter":{"承認を待機_4":["Succeeded"]},"expression":{"equals":["@outputs('承認を待機_4')?['body/outcome']","承認"]},"type":"If"}}}},"default":{"actions":{}},"expression":"@variables('ApprovalTypeInCurrentStage')","type":"Switch"}},"runAfter":{"変数ApprovalTypeInCurrentStageを初期化する":["Succeeded"]},"expression":"@greaterOrEquals(variables('AuthorizerStageCount'), variables('AuthorizerStageLength'))","limit":{"count":60,"timeout":"PT1H"},"type":"Until"},"条件":{"actions":{"メールの送信_(V2)":{"runAfter":{},"type":"OpenApiConnection","inputs":{"host":{"apiId":"/providers/Microsoft.PowerApps/apis/shared_office365","connectionName":"shared_office365","operationId":"SendEmailV2"},"parameters":{"emailMessage/To":"@body('引数JSONの解析')?['applicant']","emailMessage/Subject":"Title","emailMessage/Body":"<p>承認されました。</p>"},"authentication":{"value":"@json(decodeBase64(triggerOutputs().headers['X-MS-APIM-Tokens']))['$ConnectionKey']","type":"Raw"}}}},"runAfter":{"Do_until":["Succeeded"]},"else":{"actions":{"メールの送信_(V2)_2":{"runAfter":{},"type":"OpenApiConnection","inputs":{"host":{"apiId":"/providers/Microsoft.PowerApps/apis/shared_office365","connectionName":"shared_office365","operationId":"SendEmailV2"},"parameters":{"emailMessage/To":"@body('引数JSONの解析')?['applicant']","emailMessage/Subject":"Title","emailMessage/Body":"<p>却下されました。</p>"},"authentication":{"value":"@json(decodeBase64(triggerOutputs().headers['X-MS-APIM-Tokens']))['$ConnectionKey']","type":"Raw"}}}}},"expression":{"equals":["@variables('ApprovedStageCount')","@variables('AuthorizerStageLength')"]},"type":"If"},"引数JSONの解析":{"runAfter":{},"type":"ParseJson","inputs":{"content":"@triggerBody()['JSONの解析_コンテンツ']","schema":{"type":"object","properties":{"applicant":{"type":"string"},"authorizer":{"type":"array","items":{"type":"object","properties":{"type":{"type":"string"},"member":{"type":"array","items":{"type":"string"}}},"required":["type","member"]}}}}}},"変数AuthorizerStageCountを初期化する":{"runAfter":{"変数AuthorizerStageLengthを初期化する":["Succeeded"]},"type":"InitializeVariable","inputs":{"variables":[{"name":"AuthorizerStageCount","type":"integer","value":0}]}},"変数AuthorizerStageLengthを初期化する":{"runAfter":{"引数JSONの解析":["Succeeded"]},"type":"InitializeVariable","inputs":{"variables":[{"name":"AuthorizerStageLength","type":"integer","value":"@length(body('引数JSONの解析')?['authorizer'])"}]}},"変数AuthorizersInCurrentStageを初期化する":{"runAfter":{"変数ApprovedStageCountを初期化する":["Succeeded"]},"type":"InitializeVariable","inputs":{"variables":[{"name":"AuthorizersInCurrentStage","type":"array"}]}},"変数JoinedAuthorizersInCurrentStageを初期化する":{"runAfter":{"変数AuthorizersInCurrentStageを初期化する":["Succeeded"]},"type":"InitializeVariable","inputs":{"variables":[{"name":"JoinedAuthorizersInCurrentStage","type":"string"}]}},"変数ApprovalTypeInCurrentStageを初期化する":{"runAfter":{"変数JoinedAuthorizersInCurrentStageを初期化する":["Succeeded"]},"type":"InitializeVariable","inputs":{"variables":[{"name":"ApprovalTypeInCurrentStage","type":"string","value":"everyone"}]}},"変数ApprovedStageCountを初期化する":{"runAfter":{"変数AuthorizerStageCountを初期化する":["Succeeded"]},"type":"InitializeVariable","inputs":{"variables":[{"name":"ApprovedStageCount","type":"integer","value":0}]}}},"outputs":{},"description":"PowerApps のボタンまたはリンクがクリックされたときに起動する 1 つ以上のアクションを作成します。PowerApp からこのフローを使用するには、フローをトリガーするためのコントロールを選択し、PowerApps のリボンの [アクション] タブに移動して、フローを選択します。"},"connectionReferences":{"shared_approvals":{"connectionName":"shared-approvals-5f5537ee-f05f-4aeb-92bf-7aec-360d289c","source":"Invoker","id":"/providers/Microsoft.PowerApps/apis/shared_approvals","tier":"NotSpecified"},"shared_office365":{"connectionName":"shared-office365-5fc7f7d3-78ff-48ad-ba4d-bec3-f687c195","source":"Invoker","id":"/providers/Microsoft.PowerApps/apis/shared_office365","tier":"NotSpecified"}},"flowFailureAlertSubscribed":false}}