{"properties":{"connectionReferences":{"shared_approvals_3":{"runtimeSource":"invoker","connection":{"connectionReferenceLogicalName":"new_sharedapprovals_649a4"},"api":{"name":"shared_approvals"}},"shared_approvals_1":{"runtimeSource":"invoker","connection":{"connectionReferenceLogicalName":"new_sharedapprovals_29e77"},"api":{"name":"shared_approvals"}},"shared_office365_1":{"runtimeSource":"invoker","connection":{"connectionReferenceLogicalName":"new_sharedoffice365_eca6d"},"api":{"name":"shared_office365"}}},"definition":{"$schema":"https://schema.management.azure.com/providers/Microsoft.Logic/schemas/2016-06-01/workflowdefinition.json#","contentVersion":"1.0.0.0","parameters":{"$connections":{"defaultValue":{},"type":"Object"},"$authentication":{"defaultValue":{},"type":"SecureObject"}},"triggers":{"manual":{"metadata":{"operationMetadataId":"12ebb9ac-3180-45f1-8bf4-76ac8dc39536"},"type":"Request","kind":"PowerAppV2","inputs":{"schema":{"type":"object","properties":{"text":{"title":"ConfigJson","type":"string","x-ms-dynamically-added":true,"description":"承認ルートを指定してください","x-ms-content-hint":"TEXT"},"text_1":{"title":"Title","type":"string","x-ms-dynamically-added":true,"description":"タイトルを指定してください","x-ms-content-hint":"TEXT"},"text_2":{"title":"Detail","type":"string","x-ms-dynamically-added":true,"description":"詳細を指定してください","x-ms-content-hint":"TEXT"}},"required":["text","text_1","text_2"]}}}},"actions":{"Do_until":{"actions":{"条件_6":{"actions":{"変数AuthorizerStageCountの値を1増やす":{"runAfter":{},"metadata":{"operationMetadataId":"f821e0fb-2a6f-4f0c-8a05-f2cddbcf6f1a"},"type":"IncrementVariable","inputs":{"name":"AuthorizerStageCount","value":1}},"変数AuthorizersInCurrentStageの代入":{"runAfter":{"変数AuthorizerStageCountの値を1増やす":["Succeeded"]},"metadata":{"operationMetadataId":"ce8a6268-3670-4078-8621-3fb032474911"},"type":"SetVariable","inputs":{"name":"AuthorizersInCurrentStage","value":"@last(take(body('引数JSONの解析')?['authorizer'],int(variables('AuthorizerStageCount'))))?['member']"}},"セミコロン区切りの承認者一覧文字列を代入":{"runAfter":{"変数AuthorizersInCurrentStageの代入":["Succeeded"]},"metadata":{"operationMetadataId":"c222f993-e3aa-4a26-bf78-4177fe30626d"},"type":"SetVariable","inputs":{"name":"JoinedAuthorizersInCurrentStage","value":"@{join(variables('AuthorizersInCurrentStage'), ';')}"}},"承認種別文字列を代入":{"runAfter":{"セミコロン区切りの承認者一覧文字列を代入":["Succeeded"]},"metadata":{"operationMetadataId":"c9c18c0e-65f0-4d22-9df3-a4c628f6d78b"},"type":"SetVariable","inputs":{"name":"ApprovalTypeInCurrentStage","value":"@{last(take(body('引数JSONの解析')?['authorizer'],int(variables('AuthorizerStageCount'))))?['type']}"}},"承認種別ごとにアクションを使い分ける":{"runAfter":{"承認種別文字列を代入":["Succeeded"]},"cases":{"承認/拒否_-_全員の承認が必須":{"case":"everyone","actions":{"条件_2":{"actions":{"変数の値を増やす_2":{"runAfter":{},"type":"IncrementVariable","inputs":{"name":"ApprovedStageCount","value":1}}},"runAfter":{"Apply_to_each":["Succeeded"]},"else":{"actions":{"変数の設定":{"runAfter":{},"type":"SetVariable","inputs":{"name":"IsRejected","value":"@true"}}}},"expression":{"equals":["@outputs('開始して承認を待機')?['body/outcome']","Approve"]},"type":"If"},"開始して承認を待機":{"runAfter":{},"type":"OpenApiConnectionWebhook","inputs":{"host":{"connectionName":"shared_approvals_3","operationId":"StartAndWaitForAnApproval","apiId":"/providers/Microsoft.PowerApps/apis/shared_approvals"},"parameters":{"approvalType":"BasicAwaitAll","WebhookApprovalCreationInput/title":"@triggerBody()['text_1']","WebhookApprovalCreationInput/assignedTo":"@{variables('JoinedAuthorizersInCurrentStage')};","WebhookApprovalCreationInput/details":"@triggerBody()['text_2']","WebhookApprovalCreationInput/requestor":"@{body('引数JSONの解析')?['applicant']};","WebhookApprovalCreationInput/enableNotifications":true,"WebhookApprovalCreationInput/enableReassignment":true},"authentication":"@parameters('$authentication')"}},"Apply_to_each":{"foreach":"@outputs('開始して承認を待機')?['body/responses']","actions":{"配列変数に追加_2":{"runAfter":{},"type":"AppendToArrayVariable","inputs":{"name":"History","value":"@{items('Apply_to_each')?['responder/displayName']} @{items('Apply_to_each')?['comments']}\n"}}},"runAfter":{"配列変数に追加":["Succeeded"]},"type":"Foreach"},"配列変数に追加":{"runAfter":{"開始して承認を待機":["Succeeded"]},"type":"AppendToArrayVariable","inputs":{"name":"History","value":"---\n@{variables('ApprovedStageCount')}\n@{variables('JoinedAuthorizersInCurrentStage')}\n@{outputs('開始して承認を待機')?['body/outcome']} @{outputs('開始して承認を待機')?['body/completionDate']}\n@{outputs('開始して承認を待機')?['body/responseSummary']}\n"}}}},"承認/拒否_-_最初に応答":{"case":"first","actions":{"条件_3":{"actions":{"変数の値を増やす_3":{"runAfter":{},"type":"IncrementVariable","inputs":{"name":"ApprovedStageCount","value":1}}},"runAfter":{"Apply_to_each_2":["Succeeded"]},"else":{"actions":{"変数の設定_2":{"runAfter":{},"type":"SetVariable","inputs":{"name":"IsRejected","value":"@true"}}}},"expression":{"equals":["@outputs('開始して承認を待機_2')?['body/outcome']","Approve"]},"type":"If"},"開始して承認を待機_2":{"runAfter":{},"type":"OpenApiConnectionWebhook","inputs":{"host":{"connectionName":"shared_approvals_1","operationId":"StartAndWaitForAnApproval","apiId":"/providers/Microsoft.PowerApps/apis/shared_approvals"},"parameters":{"approvalType":"Basic","WebhookApprovalCreationInput/title":"@triggerBody()['text_1']","WebhookApprovalCreationInput/assignedTo":"@{variables('JoinedAuthorizersInCurrentStage')};","WebhookApprovalCreationInput/details":"@triggerBody()['text_2']","WebhookApprovalCreationInput/requestor":"@{body('引数JSONの解析')?['applicant']};","WebhookApprovalCreationInput/enableNotifications":true,"WebhookApprovalCreationInput/enableReassignment":true},"authentication":"@parameters('$authentication')"}},"Apply_to_each_2":{"foreach":"@outputs('開始して承認を待機_2')?['body/responses']","actions":{"配列変数に追加_4":{"runAfter":{},"type":"AppendToArrayVariable","inputs":{"name":"History","value":"@{items('Apply_to_each_2')?['responder/displayName']} @{items('Apply_to_each_2')?['comments']}\n"}}},"runAfter":{"配列変数に追加_3":["Succeeded"]},"type":"Foreach"},"配列変数に追加_3":{"runAfter":{"開始して承認を待機_2":["Succeeded"]},"type":"AppendToArrayVariable","inputs":{"name":"History","value":"---\n@{variables('ApprovedStageCount')}\n@{variables('JoinedAuthorizersInCurrentStage')}\n@{outputs('開始して承認を待機_2')?['body/outcome']} @{outputs('開始して承認を待機_2')?['body/completionDate']}\n@{outputs('開始して承認を待機_2')?['body/responseSummary']}\n"}}}},"カスタム応答_-_すべての応答を待ちます":{"case":"all","actions":{"条件_4":{"actions":{"変数の値を増やす_4":{"runAfter":{},"type":"IncrementVariable","inputs":{"name":"ApprovedStageCount","value":1}}},"runAfter":{"Apply_to_each_3":["Succeeded"]},"else":{"actions":{"変数の設定_3":{"runAfter":{},"type":"SetVariable","inputs":{"name":"IsRejected","value":"@true"}}}},"expression":{"equals":["@outputs('開始して承認を待機_3')?['body/outcome']","承認"]},"type":"If"},"開始して承認を待機_3":{"runAfter":{},"type":"OpenApiConnectionWebhook","inputs":{"host":{"connectionName":"shared_approvals_1","operationId":"StartAndWaitForAnApproval","apiId":"/providers/Microsoft.PowerApps/apis/shared_approvals"},"parameters":{"approvalType":"CustomResponseAwaitAll","WebhookApprovalCreationInput/responseOptions":["承認","却下"],"WebhookApprovalCreationInput/title":"@triggerBody()['text_1']","WebhookApprovalCreationInput/assignedTo":"@{variables('JoinedAuthorizersInCurrentStage')};","WebhookApprovalCreationInput/details":"@triggerBody()['text_2']","WebhookApprovalCreationInput/requestor":"@{body('引数JSONの解析')?['applicant']};","WebhookApprovalCreationInput/enableNotifications":true,"WebhookApprovalCreationInput/enableReassignment":true},"authentication":"@parameters('$authentication')"}},"配列変数に追加_5":{"runAfter":{"開始して承認を待機_3":["Succeeded"]},"type":"AppendToArrayVariable","inputs":{"name":"History","value":"---\n@{variables('ApprovedStageCount')}\n@{variables('JoinedAuthorizersInCurrentStage')}\n@{outputs('開始して承認を待機_3')?['body/outcome']} @{outputs('開始して承認を待機_3')?['body/completionDate']}\n@{outputs('開始して承認を待機_3')?['body/responseSummary']}\n"}},"Apply_to_each_3":{"foreach":"@outputs('開始して承認を待機_3')?['body/responses']","actions":{"配列変数に追加_6":{"runAfter":{},"type":"AppendToArrayVariable","inputs":{"name":"History","value":"@{items('Apply_to_each_3')?['responder/displayName']} @{items('Apply_to_each_3')?['comments']}\n"}}},"runAfter":{"配列変数に追加_5":["Succeeded"]},"type":"Foreach"}}},"カスタム応答_-_いずれかの応答を待ちます":{"case":"one","actions":{"条件_5":{"actions":{"変数の値を増やす_5":{"runAfter":{},"type":"IncrementVariable","inputs":{"name":"ApprovedStageCount","value":1}}},"runAfter":{"Apply_to_each_4":["Succeeded"]},"else":{"actions":{"変数の設定_4":{"runAfter":{},"type":"SetVariable","inputs":{"name":"IsRejected","value":"@true"}}}},"expression":{"equals":["@outputs('開始して承認を待機_4')?['body/outcome']","承認"]},"type":"If"},"開始して承認を待機_4":{"runAfter":{},"type":"OpenApiConnectionWebhook","inputs":{"host":{"connectionName":"shared_approvals_1","operationId":"StartAndWaitForAnApproval","apiId":"/providers/Microsoft.PowerApps/apis/shared_approvals"},"parameters":{"approvalType":"CustomResponse","WebhookApprovalCreationInput/responseOptions":["承認","却下"],"WebhookApprovalCreationInput/title":"@triggerBody()['text_1']","WebhookApprovalCreationInput/assignedTo":"@{variables('JoinedAuthorizersInCurrentStage')};","WebhookApprovalCreationInput/details":"@triggerBody()['text_2']","WebhookApprovalCreationInput/requestor":"@{body('引数JSONの解析')?['applicant']};","WebhookApprovalCreationInput/enableNotifications":true,"WebhookApprovalCreationInput/enableReassignment":true},"authentication":"@parameters('$authentication')"}},"配列変数に追加_7":{"runAfter":{"開始して承認を待機_4":["Succeeded"]},"type":"AppendToArrayVariable","inputs":{"name":"History","value":"---\n@{variables('ApprovedStageCount')}\n@{variables('JoinedAuthorizersInCurrentStage')}\n@{outputs('開始して承認を待機_4')?['body/outcome']} @{outputs('開始して承認を待機_4')?['body/completionDate']}\n@{outputs('開始して承認を待機_4')?['body/responseSummary']}\n"}},"Apply_to_each_4":{"foreach":"@outputs('開始して承認を待機_4')?['body/responses']","actions":{"配列変数に追加_8":{"runAfter":{},"type":"AppendToArrayVariable","inputs":{"name":"History","value":"@{items('Apply_to_each_4')?['responder/displayName']} @{items('Apply_to_each_4')?['comments']}\n"}}},"runAfter":{"配列変数に追加_7":["Succeeded"]},"type":"Foreach"}}}},"default":{"actions":{}},"expression":"@variables('ApprovalTypeInCurrentStage')","metadata":{"operationMetadataId":"a847f5d0-3aeb-42a5-9d85-9af3f805f7f1"},"type":"Switch"}},"runAfter":{},"expression":{"equals":["@variables('IsRejected')","@false"]},"metadata":{"operationMetadataId":"7c3cb2a5-bffe-4738-92c7-196954245ec2"},"type":"If"}},"runAfter":{"変数Historyを初期化する":["Succeeded"]},"expression":"@greaterOrEquals(variables('AuthorizerStageCount'), variables('AuthorizerStageLength'))","limit":{"count":60,"timeout":"PT1H"},"metadata":{"operationMetadataId":"e42f850c-0fff-4e1f-a0f0-2c84fa047698"},"type":"Until"},"条件":{"actions":{"メールの送信_(V2)":{"runAfter":{},"metadata":{"operationMetadataId":"54982710-9a4a-4cb5-9d01-511ef4004382"},"type":"OpenApiConnection","inputs":{"host":{"connectionName":"shared_office365_1","operationId":"SendEmailV2","apiId":"/providers/Microsoft.PowerApps/apis/shared_office365"},"parameters":{"emailMessage/To":"@body('引数JSONの解析')?['applicant']","emailMessage/Subject":"Title","emailMessage/Body":"<p>承認されました。<br>\n<br>\n@{triggerBody()['text_1']}<br>\n@{triggerBody()['text_2']}<br>\n<br>\n<pre>\n@{join(variables('History'), decodeUriComponent('%0D%0A'))}</pre></p>"},"authentication":"@parameters('$authentication')"}}},"runAfter":{"Do_until":["Succeeded"]},"else":{"actions":{"メールの送信_(V2)_2":{"runAfter":{},"metadata":{"operationMetadataId":"fda5e7f8-f7d5-4db7-93d7-064dfb55e4ce"},"type":"OpenApiConnection","inputs":{"host":{"connectionName":"shared_office365_1","operationId":"SendEmailV2","apiId":"/providers/Microsoft.PowerApps/apis/shared_office365"},"parameters":{"emailMessage/To":"@body('引数JSONの解析')?['applicant']","emailMessage/Subject":"Title","emailMessage/Body":"<p>却下されました。<br>\n<br>\n@{triggerBody()['text_1']}<br>\n@{triggerBody()['text_2']}<br>\n<br>\n<pre>\n@{join(variables('History'), decodeUriComponent('%0D%0A'))}</pre></p>"},"authentication":"@parameters('$authentication')"}}}},"expression":{"equals":["@variables('IsRejected')","@false"]},"metadata":{"operationMetadataId":"91774b65-85ce-4c88-8742-6ea66707aa98"},"type":"If"},"引数JSONの解析":{"runAfter":{},"metadata":{"operationMetadataId":"596fbe2a-9b8c-4e86-86f9-8c7ff48b9f40"},"type":"ParseJson","inputs":{"content":"@triggerBody()['text']","schema":{"type":"object","properties":{"applicant":{"type":"string"},"authorizer":{"type":"array","items":{"type":"object","properties":{"type":{"type":"string"},"member":{"type":"array","items":{"type":"string"}}},"required":["type","member"]}}}}}},"変数AuthorizerStageCountを初期化する":{"runAfter":{"変数AuthorizerStageLengthを初期化する":["Succeeded"]},"metadata":{"operationMetadataId":"f35690e1-aa38-4ac5-9ce2-6e6ff3583bd4"},"type":"InitializeVariable","inputs":{"variables":[{"name":"AuthorizerStageCount","type":"integer","value":0}]}},"変数AuthorizerStageLengthを初期化する":{"runAfter":{"引数JSONの解析":["Succeeded"]},"metadata":{"operationMetadataId":"3233c290-9c41-4d82-8156-9c1038e83bc0"},"type":"InitializeVariable","inputs":{"variables":[{"name":"AuthorizerStageLength","type":"integer","value":"@length(body('引数JSONの解析')?['authorizer'])"}]}},"変数AuthorizersInCurrentStageを初期化する":{"runAfter":{"変数ApprovedStageCountを初期化する":["Succeeded"]},"metadata":{"operationMetadataId":"a69ec1ac-e725-46cb-8804-98ef72a23b36"},"type":"InitializeVariable","inputs":{"variables":[{"name":"AuthorizersInCurrentStage","type":"array"}]}},"変数JoinedAuthorizersInCurrentStageを初期化する":{"runAfter":{"変数AuthorizersInCurrentStageを初期化する":["Succeeded"]},"metadata":{"operationMetadataId":"9ba3d0dc-90b8-4af1-ad85-55a17113e16e"},"type":"InitializeVariable","inputs":{"variables":[{"name":"JoinedAuthorizersInCurrentStage","type":"string"}]}},"変数ApprovalTypeInCurrentStageを初期化する":{"runAfter":{"変数JoinedAuthorizersInCurrentStageを初期化する":["Succeeded"]},"metadata":{"operationMetadataId":"a9e8e13f-b1bb-4e18-adc6-da7615a05281"},"type":"InitializeVariable","inputs":{"variables":[{"name":"ApprovalTypeInCurrentStage","type":"string","value":"everyone"}]}},"変数ApprovedStageCountを初期化する":{"runAfter":{"変数AuthorizerStageCountを初期化する":["Succeeded"]},"metadata":{"operationMetadataId":"6d0b66ff-768c-405d-a085-e2cce1c6dd0f"},"type":"InitializeVariable","inputs":{"variables":[{"name":"ApprovedStageCount","type":"integer","value":0}]}},"変数Historyを初期化する":{"runAfter":{"変数を初期化する":["Succeeded"]},"metadata":{"operationMetadataId":"e809b02e-5998-4490-9a15-37ab13e298b7"},"type":"InitializeVariable","inputs":{"variables":[{"name":"History","type":"array"}]}},"変数を初期化する":{"runAfter":{"変数ApprovalTypeInCurrentStageを初期化する":["Succeeded"]},"metadata":{"operationMetadataId":"fe7c6229-16de-4966-8646-a404ada28737"},"type":"InitializeVariable","inputs":{"variables":[{"name":"IsRejected","type":"boolean","value":"@false"}]}}},"outputs":{}}},"schemaVersion":"1.0.0.0"}